date,close_usd,low_usd,high_usd,rsi_14_recomputed,close_change_pct,spy_close_change_pct
2026-05-06,181.57000732421875,175.30999755859375,195.80999755859375,64.3,0.0,0.0
2026-05-07,182.39999389648438,178.0,187.2100067138672,64.6,0.4571,-0.3066
2026-05-08,186.94000244140625,184.97999572753906,198.25,66.7,2.9575,0.5165
2026-05-11,207.38999938964844,191.66000366210938,208.9199981689453,74.1,14.2204,0.7454
2026-05-12,198.24000549316406,188.2899932861328,205.32000732421875,67.0,9.181,0.5928
2026-05-13,206.50999450683594,196.0800018310547,211.7899932861328,69.8,13.7357,1.1556
2026-05-14,208.27999877929688,200.35000610351562,210.5,70.4,14.7106,1.9541
2026-05-15,191.80999755859375,191.80999755859375,200.7899932861328,58.9,5.6397,0.7277
2026-05-18,178.5500030517578,174.2100067138672,193.66000366210938,51.6,-1.6633,0.6568
2026-05-19,175.8300018310547,169.8000030517578,180.5,50.2,-3.1613,-0.0136
2026-05-20,180.69000244140625,178.22999572753906,184.22999572753906,52.6,-0.4847,1.0111
2026-05-21,191.88999938964844,179.5,193.75,57.8,5.6838,1.2114
2026-05-22,194.0500030517578,189.33999633789062,194.97999572753906,58.7,6.8734,1.6094
2026-05-26,196.1699981689453,191.1999969482422,199.92999267578125,59.6,8.041,2.2839
2026-05-27,190.88999938964844,185.3000030517578,196.60000610351562,56.2,5.133,2.2662
2026-05-28,182.97000122070312,182.33999633789062,195.22999572753906,51.4,0.771,2.8304
2026-05-29,181.16000366210938,174.5,184.0800018310547,50.4,-0.2258,3.0865
2026-06-01,176.6999969482422,172.42999267578125,178.83999633789062,47.8,-2.6822,3.3673
2026-06-02,200.39999389648438,186.0,201.5500030517578,59.7,10.3706,3.5076
2026-06-03,200.75999450683594,195.6999969482422,208.57000732421875,59.8,10.5689,2.7813
2026-06-04,197.6999969482422,183.8000030517578,199.8000030517578,57.9,8.8836,3.1697
2026-06-05,177.5800018310547,174.3000030517578,190.11000061035156,46.9,-2.1975,0.5069
2026-06-08,187.5399932861328,185.0,192.89999389648438,51.8,3.288,0.7345
2026-06-09,173.94000244140625,166.0,190.41000366210938,45.7,-4.2022,0.4388
2026-06-10,168.1699981689453,166.67999267578125,178.47999572753906,43.3,-7.3801,-1.1447
2026-06-11,176.5500030517578,168.24000549316406,177.30999755859375,47.5,-2.7648,0.5355
2026-06-12,179.1999969482422,173.41000366210938,180.77000427246094,48.8,-1.3053,1.0793
2026-06-15,187.8800048828125,185.22999572753906,190.0,52.9,3.4752,2.8617
2026-06-16,177.4199981689453,176.1999969482422,187.9499969482422,47.9,-2.2856,2.2485
2026-06-17,175.39999389648438,172.75,180.82000732421875,47.0,-3.3981,0.9716
2026-06-18,194.9199981689453,181.1999969482422,196.02000427246094,55.8,7.3525,1.7593
2026-06-22,209.8300018310547,196.0,212.38999938964844,61.2,15.5642,1.439
2026-06-23,194.07000732421875,186.60000610351562,194.80999755859375,53.8,6.8844,-0.0341
2026-06-24,205.8300018310547,190.92999267578125,217.08999633789062,57.9,13.3612,-0.0804
2026-06-25,228.00999450683594,213.02000427246094,230.5,64.3,25.5769,0.064
2026-06-26,221.0500030517578,207.72999572753906,226.0,61.1,21.7437,-0.6596
2026-06-29,255.69000244140625,215.1300048828125,258.79998779296875,69.2,40.8217,0.9771
2026-06-30,255.42999267578125,250.5,271.7799987792969,69.1,40.6785,1.7634
2026-07-01,220.6300048828125,218.11000061035156,240.8699951171875,55.6,21.5124,1.6257
2026-07-02,196.7899932861328,193.5399932861328,224.00999450683594,48.7,8.3824,1.4922
2026-07-06,194.8000030517578,193.16000366210938,206.99000549316406,48.1,7.2864,2.3779
2026-07-07,185.3800048828125,178.39999389648438,191.0,45.5,2.0984,1.8914
2026-07-08,184.02999877929688,180.5399932861328,188.86000061035156,45.2,1.3548,1.5767
2026-07-09,192.3800048828125,192.14999389648438,204.47999572753906,48.0,5.9536,2.4365
2026-07-10,190.88999938964844,186.39999389648438,192.77000427246094,47.5,5.133,2.8781
2026-07-13,183.11000061035156,178.66000366210938,189.07000732421875,45.0,0.8482,2.0904
2026-07-14,187.63999938964844,186.0500030517578,193.7100067138672,46.8,3.3431,2.4529
2026-07-15,174.41000366210938,167.08999633789062,187.07000732421875,42.5,-3.9434,2.859
2026-07-16,158.38999938964844,154.42999267578125,167.5,38.0,-12.7664,2.3016
2026-07-17,154.61000061035156,146.94000244140625,158.3800048828125,37.0,-14.8483,1.2891
2026-07-20,153.10000610351562,152.58999633789062,160.5399932861328,36.6,-15.6799,1.1256
2026-07-21,162.41000366210938,156.60000610351562,164.5,41.0,-10.5524,1.9691
2026-07-22,154.05999755859375,153.8800048828125,161.4499969482422,38.4,-15.1512,1.8506
2026-07-23,156.05999755859375,152.24000549316406,160.97999572753906,39.4,-14.0497,0.5928
2026-07-24,146.64999389648438,145.92999267578125,157.39999389648438,36.4,-19.2323,0.695
2026-07-27,143.36000061035156,136.30999755859375,148.69000244140625,35.4,-21.0442,0.7168
2026-07-28,126.01000213623047,114.5,126.0999984741211,30.7,-30.5998,0.958
2026-07-29,124.05000305175781,122.62000274658203,130.8699951171875,30.2,-31.6792,-0.5955
2026-07-30,135.22000122070312,130.0,136.08999633789062,36.5,-25.5273,1.0711
2026-07-31,138.25,138.22999572753906,147.0,38.1,-23.8586,1.7988
2026-08-03,146.63999938964844,132.88999938964844,147.94000244140625,42.5,-19.2378,3.2487
2026-08-04,159.88999938964844,150.85000610351562,162.49000549316406,48.7,-11.9403,5.1102
2026-08-05,156.6999969482422,155.85000610351562,162.60000610351562,47.3,-13.6972,4.9003
2026-08-06,157.17999267578125,150.72999572753906,164.33999633789062,47.6,-13.4328,4.7327
2026-08-07,165.67999267578125,161.16000366210938,170.42999267578125,51.6,-8.7515,5.3732
2026-08-10,157.75999450683594,157.67999267578125,167.88999938964844,47.9,-13.1134,5.3418
2026-08-11,159.19000244140625,158.22000122070312,161.7899932861328,48.6,-12.3258,5.0052
2026-08-12,167.44000244140625,164.2100067138672,169.9499969482422,52.7,-7.7821,5.2682
2026-08-13,158.5399932861328,157.91000366210938,168.24000549316406,48.3,-12.6838,6.0028
2026-08-14,165.99000549316406,158.27000427246094,167.69000244140625,51.9,-8.5807,5.7929
2026-08-17,173.2100067138672,166.67999267578125,176.94000244140625,55.2,-4.6043,5.2928
2026-08-18,159.89999389648438,157.89999389648438,168.05999755859375,48.6,-11.9348,4.5814
2026-08-19,152.4600067138672,150.6999969482422,161.16000366210938,45.3,-16.0324,4.8008
2026-08-20,151.4499969482422,149.25,154.05999755859375,44.9,-16.5886,3.9205
2026-08-21,149.83999633789062,148.0500030517578,155.47999572753906,44.1,-17.4754,4.3457
2026-08-24,145.5500030517578,141.6300048828125,146.38999938964844,42.2,-19.8381,4.0391
2026-08-25,147.16000366210938,146.25,150.80999755859375,43.2,-18.9514,4.3716
2026-08-26,152.77999877929688,146.9499969482422,152.92999267578125,46.8,-15.8561,4.3948
2026-08-27,152.8000030517578,149.42999267578125,157.57000732421875,46.8,-15.8451,5.0788
2026-08-28,148.97999572753906,148.05999755859375,152.6699981689453,44.6,-17.949,4.8404
2026-08-31,148.72999572753906,146.72000122070312,149.0399932861328,44.4,-18.0867,4.5269
2026-09-01,145.55999755859375,143.2899932861328,147.08999633789062,42.5,-19.8326,3.8088
2026-09-02,144.1300048828125,142.82000732421875,147.66000366210938,41.6,-20.6201,4.2694
2026-09-03,146.0,139.25,146.3300018310547,43.3,-19.5902,5.3609
2026-09-04,154.3000030517578,147.02000427246094,154.58999633789062,50.0,-15.019,4.9548
