,score,regime,spread_bp,chg13w,net_liq_bn
2026-01-01,20.0,STRESS,22.00000000000002,-76.22500000000036,5697.3189999999995
2026-01-02,24.99999999999998,STRESS,10.000000000000009,41.05699999999979,5797.6449999999995
2026-01-05,37.49999999999993,TIGHT,5.000000000000027,36.6230000000005,5796.827
2026-01-06,47.49999999999994,BAL,1.000000000000023,23.3720000000003,5800.73
2026-01-07,55.0,BAL,0.0,-5.28400000000056,5772.871999999999
2026-01-08,57.49999999999994,BAL,-0.9999999999999787,-4.519999999999527,5774.371
2026-01-09,57.49999999999994,BAL,-0.9999999999999787,-5.088999999999942,5774.174
2026-01-12,57.49999999999994,BAL,-0.9999999999999787,-5.21100000000024,5774.052
2026-01-13,55.0,BAL,0.0,-5.694000000000415,5774.177
2026-01-14,52.49999999999994,BAL,-0.9999999999999787,17.925000000000182,5799.302
2026-01-15,47.49999999999994,BAL,1.000000000000023,20.621000000000095,5800.522
2026-01-16,50.0,BAL,0.0,18.54399999999987,5801.303
2026-01-19,50.0,BAL,0.0,20.372999999999593,5801.303
2026-01-20,52.49999999999994,BAL,-0.9999999999999787,16.85699999999906,5799.018999999999
2026-01-21,50.00000000000001,BAL,-2.0000000000000018,34.44799999999941,5711.974999999999
2026-01-22,47.49999999999994,BAL,-0.9999999999999787,38.66999999999916,5713.2609999999995
2026-01-23,45.0,BAL,0.0,35.29500000000007,5714.392
2026-01-26,42.49999999999994,TIGHT,1.000000000000023,42.9399999999996,5713.83
2026-01-27,42.49999999999994,TIGHT,1.000000000000023,46.6299999999992,5714.066
2026-01-28,47.49999999999994,BAL,-0.9999999999999787,53.88299999999981,5663.423
2026-01-29,45.0,BAL,0.0,51.79600000000028,5661.674
2026-01-30,37.499999999999936,TIGHT,3.000000000000025,77.65499999999975,5654.897
2026-02-02,34.99999999999999,TIGHT,4.0000000000000036,48.85900000000038,5654.111
2026-02-03,34.99999999999999,TIGHT,4.0000000000000036,50.68000000000029,5662.741
2026-02-04,50.0,BAL,0.0,75.78300000000036,5694.722
2026-02-05,50.0,BAL,0.0,74.38900000000012,5695.388
2026-02-06,52.49999999999994,BAL,-0.9999999999999787,67.17500000000018,5694.025
2026-02-09,55.00000000000001,BAL,-2.0000000000000018,71.22900000000027,5695.83
2026-02-10,50.0,BAL,0.0,71.08799999999974,5695.688999999999
2026-02-11,50.0,BAL,0.0,85.26799999999912,5706.027999999999
2026-02-12,50.0,BAL,0.0,81.34699999999884,5704.231999999999
2026-02-13,47.49999999999994,BAL,1.000000000000023,81.61199999999826,5706.698999999999
2026-02-16,47.49999999999994,BAL,1.000000000000023,83.22499999999764,5706.698999999999
2026-02-17,34.999999999999986,TIGHT,6.000000000000005,80.89399999999841,5706.634999999999
2026-02-18,29.999999999999982,TIGHT,8.000000000000007,87.58400000000074,5699.812000000001
2026-02-19,44.99999999999999,TIGHT,2.0000000000000018,93.19900000000143,5700.036000000001
2026-02-20,47.49999999999994,BAL,1.000000000000023,89.31800000000021,5700.1720000000005
2026-02-23,47.49999999999994,BAL,1.000000000000023,87.51100000000042,5699.791
2026-02-24,44.99999999999999,TIGHT,2.0000000000000018,88.70800000000054,5699.751
2026-02-25,49.99999999999999,BAL,2.0000000000000018,78.21799999999985,5725.026
2026-02-26,49.99999999999999,BAL,2.0000000000000018,75.58099999999922,5722.388999999999
2026-02-27,47.499999999999936,BAL,3.000000000000025,68.40299999999934,5709.866999999999
2026-03-02,39.999999999999986,TIGHT,6.000000000000005,79.77299999999923,5725.557999999999
2026-03-03,42.49999999999993,TIGHT,5.000000000000027,81.57699999999932,5724.981999999999
2026-03-04,55.99999999999999,BAL,2.0000000000000018,199.8640000000005,5795.964
2026-03-05,58.49999999999994,BAL,1.000000000000023,197.66700000000128,5794.048000000001
2026-03-06,61.0,AMPLE,0.0,198.20000000000073,5795.329000000001
2026-03-09,61.0,AMPLE,0.0,199.59800000000087,5796.509
2026-03-10,63.49999999999994,AMPLE,-0.9999999999999787,201.16000000000076,5796.563
2026-03-11,58.49999999999994,BAL,-0.9999999999999787,132.29400000000078,5807.606000000001
2026-03-12,56.0,BAL,0.0,130.53800000000047,5808.021000000001
2026-03-13,56.0,BAL,0.0,128.21200000000044,5807.731000000001
2026-03-16,43.49999999999993,TIGHT,5.000000000000027,129.8199999999997,5807.576
2026-03-17,56.0,BAL,0.0,128.5580000000009,5807.361000000001
2026-03-18,57.49999999999995,BAL,-2.9999999999999805,88.78200000000015,5802.189
2026-03-19,57.49999999999995,BAL,-2.9999999999999805,90.19000000000051,5802.250000000001
2026-03-20,57.49999999999995,BAL,-2.9999999999999805,81.34400000000005,5802.0650000000005
2026-03-23,57.49999999999995,BAL,-2.9999999999999805,79.78500000000076,5802.030000000001
2026-03-24,55.00000000000001,BAL,-2.0000000000000018,83.88900000000103,5801.764000000001
2026-03-25,52.49999999999994,BAL,-0.9999999999999787,42.998999999999796,5782.307
2026-03-26,50.0,BAL,0.0,42.89099999999962,5782.199
2026-03-27,55.00000000000001,BAL,-2.0000000000000018,58.31999999999971,5782.092
2026-03-30,55.00000000000001,BAL,-2.0000000000000018,48.771999999999935,5782.331999999999
2026-03-31,42.499999999999936,TIGHT,3.000000000000025,35.79599999999937,5767.302
2026-04-01,61.0,AMPLE,0.0,128.20000000000073,5825.519
2026-04-02,58.49999999999994,BAL,1.000000000000023,129.98000000000047,5827.299
2026-04-03,52.49999999999994,BAL,1.000000000000023,29.65400000000045,5827.299
2026-04-06,55.0,BAL,0.0,30.572000000000116,5827.399
2026-04-07,62.49999999999995,AMPLE,-2.9999999999999805,11.551000000000386,5812.281
2026-04-08,80.00000000000001,ABUND,-6.000000000000005,172.44600000000082,5945.318
2026-04-09,85.00000000000001,ABUND,-8.000000000000007,170.72199999999975,5945.093
2026-04-10,75.0,AMPLE,-4.0000000000000036,170.8140000000003,5944.988
2026-04-13,70.0,AMPLE,-2.0000000000000018,171.21600000000035,5945.268
2026-04-14,62.49999999999994,AMPLE,1.000000000000023,171.01200000000063,5945.189
2026-04-15,42.49999999999993,TIGHT,7.000000000000028,154.817,5954.119
2026-04-16,54.99999999999999,BAL,2.0000000000000018,153.66199999999935,5954.183999999999
2026-04-17,60.0,AMPLE,0.0,152.90200000000004,5954.205
2026-04-20,65.0,AMPLE,-2.0000000000000018,152.53600000000006,5953.839
2026-04-21,65.0,AMPLE,-2.0000000000000018,154.51600000000053,5953.535
2026-04-22,42.49999999999994,TIGHT,-0.9999999999999787,-11.061999999998989,5700.9130000000005
2026-04-23,40.0,TIGHT,0.0,-11.923999999999069,5701.337
2026-04-24,37.49999999999994,TIGHT,1.000000000000023,-13.023000000000138,5701.369
2026-04-27,37.49999999999994,TIGHT,1.000000000000023,-12.74200000000019,5701.088
2026-04-28,42.49999999999994,TIGHT,-0.9999999999999787,-13.25799999999981,5700.808
2026-04-29,55.00000000000001,BAL,-2.0000000000000018,53.85099999999966,5717.273999999999
2026-04-30,47.49999999999994,BAL,1.000000000000023,48.08599999999933,5709.759999999999
2026-05-01,52.49999999999994,BAL,-0.9999999999999787,62.516999999999825,5717.414
2026-05-04,55.00000000000001,BAL,-2.0000000000000018,63.29199999999946,5717.402999999999
2026-05-05,57.49999999999995,BAL,-2.9999999999999805,54.15799999999945,5716.898999999999
2026-05-06,71.0,AMPLE,-4.0000000000000036,135.38900000000103,5830.111000000001
2026-05-07,73.49999999999996,AMPLE,-4.999999999999982,135.58300000000054,5830.9710000000005
2026-05-08,73.49999999999996,AMPLE,-4.999999999999982,136.9320000000007,5830.957
2026-05-11,73.49999999999996,AMPLE,-4.999999999999982,134.78100000000086,5830.611000000001
2026-05-12,73.49999999999996,AMPLE,-4.999999999999982,134.8560000000016,5830.545000000001
2026-05-13,80.00000000000001,ABUND,-6.000000000000005,180.1710000000012,5886.1990000000005
2026-05-14,87.49999999999997,ABUND,-8.999999999999986,183.65200000000186,5887.884000000001
2026-05-15,90.00000000000003,ABUND,-10.000000000000009,182.57200000000194,5889.271000000001
2026-05-18,95.00000000000003,ABUND,-12.00000000000001,176.02600000000166,5882.725
2026-05-19,100.0,ABUND,-14.000000000000012,170.3720000000012,5877.0070000000005
2026-05-20,100.0,ABUND,-14.999999999999991,207.67099999999937,5907.483
2026-05-21,100.0,ABUND,-14.000000000000012,229.03299999999945,5929.069
2026-05-22,90.00000000000003,ABUND,-10.000000000000009,231.21299999999974,5931.385
2026-05-25,90.00000000000003,ABUND,-10.000000000000009,231.59400000000005,5931.385
2026-05-26,70.0,AMPLE,-2.0000000000000018,230.8119999999999,5930.563
2026-05-27,56.00000000000001,BAL,-2.0000000000000018,147.20799999999963,5872.2339999999995
2026-05-28,58.49999999999995,BAL,-2.9999999999999805,150.53500000000076,5872.924
2026-05-29,56.00000000000001,BAL,-2.0000000000000018,152.54300000000057,5862.41
2026-06-01,51.0,BAL,0.0,147.22700000000077,5872.785
2026-06-02,56.00000000000001,BAL,-2.0000000000000018,146.60300000000007,5871.584999999999
2026-06-03,55.00000000000001,BAL,-4.0000000000000036,37.75600000000031,5833.72
2026-06-04,52.49999999999995,BAL,-2.9999999999999805,40.61199999999917,5834.66
2026-06-05,50.00000000000001,BAL,-2.0000000000000018,39.6919999999991,5835.021
2026-06-08,50.00000000000001,BAL,-2.0000000000000018,37.4409999999998,5833.95
2026-06-09,57.49999999999996,BAL,-4.999999999999982,38.641999999999825,5835.205
2026-06-10,70.00000000000001,AMPLE,-6.000000000000005,89.28199999999924,5896.888
2026-06-11,67.49999999999996,AMPLE,-4.999999999999982,88.79399999999896,5896.815
2026-06-12,55.0,BAL,0.0,89.08999999999924,5896.821
2026-06-15,44.99999999999999,TIGHT,4.0000000000000036,89.11799999999948,5896.6939999999995
2026-06-16,60.00000000000001,AMPLE,-2.0000000000000018,79.1929999999993,5886.554
2026-06-17,50.00000000000001,BAL,-2.0000000000000018,46.693999999999505,5848.883
2026-06-18,52.49999999999995,BAL,-2.9999999999999805,53.20999999999913,5855.46
2026-06-19,52.49999999999995,BAL,-2.9999999999999805,53.39499999999953,5855.46
2026-06-22,55.00000000000001,BAL,-4.0000000000000036,49.7559999999994,5851.786
2026-06-23,52.49999999999995,BAL,-2.9999999999999805,47.46299999999883,5849.227
2026-06-24,52.49999999999995,BAL,-2.9999999999999805,30.108000000001084,5812.415000000001
2026-06-25,47.49999999999994,BAL,-0.9999999999999787,29.032000000001062,5811.231000000001
2026-06-26,52.49999999999995,BAL,-2.9999999999999805,28.431000000000495,5810.523
2026-06-29,52.49999999999995,BAL,-2.9999999999999805,31.071000000000822,5813.403
2026-06-30,37.499999999999936,TIGHT,3.000000000000025,22.747000000001208,5790.049000000001
2026-07-01,52.49999999999994,BAL,1.000000000000023,17.80699999999979,5843.326
2026-07-02,57.49999999999994,BAL,-0.9999999999999787,14.853000000000065,5842.152
2026-07-03,57.49999999999994,BAL,-0.9999999999999787,14.853000000000065,5842.152
2026-07-06,60.00000000000001,AMPLE,-2.0000000000000018,14.208999999999833,5841.608
2026-07-07,62.49999999999995,AMPLE,-2.9999999999999805,27.561999999999898,5839.843
2026-07-08,72.49999999999996,AMPLE,-6.999999999999984,12.882000000000517,5958.200000000001
2026-07-09,85.00000000000003,ABUND,-12.00000000000001,10.682000000000698,5955.775000000001
2026-07-10,80.00000000000003,ABUND,-10.000000000000009,16.014000000000124,5961.002
2026-07-13,67.49999999999996,AMPLE,-4.999999999999982,15.484000000000378,5960.752
2026-07-14,60.00000000000001,AMPLE,-2.0000000000000018,16.079999999999927,5961.269
2026-07-15,56.49999999999994,BAL,-0.9999999999999787,32.54000000000087,5986.659000000001
2026-07-16,61.49999999999995,AMPLE,-2.9999999999999805,32.50100000000111,5986.685
2026-07-17,69.00000000000001,AMPLE,-6.000000000000005,32.50500000000011,5986.71
2026-07-20,74.00000000000001,AMPLE,-8.000000000000007,32.94100000000071,5986.780000000001
2026-07-21,64.0,AMPLE,-4.0000000000000036,33.00000000000091,5986.535000000001
2026-07-22,58.49999999999995,BAL,-2.9999999999999805,216.46599999999853,5917.378999999999
2026-07-23,53.49999999999994,BAL,-0.9999999999999787,215.5139999999983,5916.850999999999
2026-07-24,53.49999999999994,BAL,-0.9999999999999787,215.71099999999933,5917.079999999999
2026-07-27,53.49999999999994,BAL,-0.9999999999999787,215.28699999999935,5916.374999999999
2026-07-28,51.0,BAL,0.0,215.820999999999,5916.628999999999
2026-07-29,51.0,BAL,0.0,107.5640000000003,5824.838
2026-07-30,51.0,BAL,0.0,116.57800000000043,5826.338
2026-07-31,48.49999999999994,BAL,1.000000000000023,107.84900000000016,5825.263
2026-08-03,51.0,BAL,0.0,107.88400000000001,5825.286999999999
2026-08-04,48.49999999999994,BAL,1.000000000000023,108.26400000000012,5825.163
2026-08-05,52.49999999999994,BAL,-0.9999999999999787,9.481999999999971,5839.593000000001
2026-08-06,50.0,BAL,0.0,8.842999999999847,5839.814
2026-08-07,57.49999999999995,BAL,-2.9999999999999805,8.83600000000024,5839.793000000001
2026-08-10,55.00000000000001,BAL,-2.0000000000000018,9.656999999999243,5840.268
2026-08-11,52.49999999999994,BAL,-0.9999999999999787,9.44799999999941,5839.993
2026-08-12,52.49999999999995,BAL,-2.9999999999999805,-90.91900000000078,5795.28
2026-08-13,52.49999999999995,BAL,-2.9999999999999805,-92.32900000000063,5795.555
2026-08-14,52.49999999999995,BAL,-2.9999999999999805,-93.51600000000053,5795.755
2026-08-17,42.49999999999994,TIGHT,1.000000000000023,-86.97500000000036,5795.75
2026-08-18,45.0,BAL,0.0,-81.15700000000015,5795.85
2026-08-19,51.49999999999995,BAL,-2.9999999999999805,-115.71300000000065,5791.7699999999995
2026-08-20,49.00000000000001,BAL,-2.0000000000000018,-137.20700000000124,5791.861999999999
2026-08-21,44.0,TIGHT,0.0,-139.4980000000005,5791.887
2026-08-24,44.0,TIGHT,0.0,-139.6780000000008,5791.706999999999
2026-08-25,41.49999999999994,TIGHT,1.000000000000023,-138.8810000000003,5791.682
2026-08-26,52.49999999999994,BAL,-0.9999999999999787,-92.75999999999931,5779.474
2026-08-27,52.49999999999994,BAL,-0.9999999999999787,-93.20399999999972,5779.72
2026-08-28,52.49999999999994,BAL,-0.9999999999999787,-82.40899999999965,5780.001
2026-08-31,52.49999999999994,BAL,-0.9999999999999787,-92.78399999999965,5780.001
